,date,title,url
0,2022.07.21.,"""경기도는 심야택시 10만원에 더블?…차라리 호텔을 잡지""",https://www.news1.kr/articles/?4748442
1,2022.07.23.,"""택시 자체가 안 보여요""…경기도도 심야 택시잡기 '전쟁'",https://www.yna.co.kr/view/AKR20220722129300061?input=1195m
2,2022.07.22.,"與 성일종, 심야 택시난 없앨 ‘탄력요금제’에 “정부 적극 지원해주길”",https://biz.chosun.com/policy/politics/2022/07/22/2FM5Z5M6IFADNA4BVWPASKGSHU/?utm_source=naver&utm_medium=original&utm_campaign=biz
3,2022.07.21.,못 타도 100% 결제?…대형·고급 택시 수수료 ‘플랫폼 마음대로’,https://news.kbs.co.kr/news/view.do?ncd=5514748&ref=A
4,2022.07.22.,"""택시 호출 취소하니 5만원 결제?""…수수료 폭탄에 소비자들 '분노'",http://mbn.mk.co.kr/pages/news/newsView.php?category=mbn00003&news_seq_no=4809244
5,2022.07.22.,"""차라리 외박할래요"" 심야 택시대란 해결책은 없나",https://news.sbs.co.kr/news/endPage.do?news_id=N1006833083&plink=ORI&cooper=NAVER
6,2022.07.22.,"카찹 ""택시 등 모빌리티 서비스 월 검색량 18만건 돌파""",https://www.hankyung.com/it/article/202207222364i
7,2022.07.22.,"[택시의 나라, 모빌리티 잔혹사]①우버부터 타다·카모까지…택시에 막힌 혁신",https://www.news1.kr/articles/?4750029
8,2022.07.19.,GTX-A 개통 2024년서 앞당기고… 플랫폼택시 심야 탄력요금제 추진,https://www.donga.com/news/article/all/20220719/114516567/1
9,2022.07.20.,"""요금 더 내고 탈 의향있다""…심야 탄력요금제 '택시대란' 묘수 될까",http://www.newsis.com/view/?id=NISX20220720_0001949935&cID=10201&pID=10200
10,2022.07.19.,"""한 시간째 발 동동""…택시 호출해도 왜 안 잡히나 했더니",https://www.hankyung.com/it/article/202207186466g
11,2022.07.21.,"택시 호출, 심야·금요일에 가장 어려워… 52.6% “단거리 이동 힘들다”",https://biz.chosun.com/topics/topics_social/2022/07/21/YY4V2L3EZRBYHNDWDZ2ONX7RTU/?utm_source=naver&utm_medium=original&utm_campaign=biz
13,2022.07.18.,심야택시 탄력요금제 도입…2025년 UAM·2027년 완전자율차 상용화,https://www.yna.co.kr/view/AKR20220718116600003?input=1195m
14,2022.07.19.,주거비 부담 줄인다…플랫폼 택시 '심야 할증' 도입,http://www.mbn.co.kr/pages/news/newsView.php?news_seq_no=4806817
15,2022.07.18.,"서울, 택시가 부족해 귀가 전쟁? [FACT IN 뉴스]",http://www.segye.com/content/html/2022/07/18/20220718519374.html?OutUrl=naver
16,2022.07.18.,"택시대란에 '타다' 검토…원희룡 ""혁신 제약하는 건 반드시 돌파""",http://www.newsis.com/view/?id=NISX20220718_0001946870&cID=10301&pID=10300
17,2022.07.19.,"원희룡, 심야 택시운행 안하면 “보조금에 연동”...‘재초환’은 8월 정책발표 때 조정 발표",http://www.munhwa.com/news/view.html?no=2022071901039910019006
18,2022.07.18.,"국토부, 도심복합사업 활성화…심야 택시 탄력요금제 도입",http://www.etnews.com/20220718000277
19,2022.07.18.,"심야택시 할증 확대 '요금 인상' 논란…도심복합사업, 공공→민간 확대",http://news.tvchosun.com/site/data/html_dir/2022/07/18/2022071890154.html
20,2022.07.14.,"울산 심야 택시부제, 연말까지 해제한다",http://www.busan.com/view/busan/view.php?code=2022071410335263402
21,2022.07.18.,"원희룡 ""업계 기득권 위한 정책 안 돼…택시-타다 함께 가야""",http://www.newsis.com/view/?id=NISX20220718_0001947401&cID=10401&pID=10400
22,2022.07.22.,"오세훈, 국민의힘에 ""대중교통 요금 정부가 분담해줘야""...택시 대여도 도입 요청",https://www.ekn.kr/web/view.php?key=20220722010003862
23,2022.07.22.,"""택시잡기 1시간은 기본""…오산시 귀갓길 '택시 대란'",https://www.kgnews.co.kr/news/article.html?no=710657
24,2022.07.19.,[단독] 불러도 안오는 '택시 대란'...다급한 정부 '타다' 다시 부른다,http://news.mk.co.kr/newsRead.php?no=636862&year=2022
25,2022.07.21.,"[아!이뉴스] 심야 '택시 대란' 속 부상한 탄력요금제…""질병코드 국내 도입? 공대위 재가동""",http://www.inews24.com/view/1503137
26,2022.07.19.,[조간브리핑] 서울 심야택시 4명 중 3명 못 잡아…정부 '탄력요금제' 도입,https://biz.sbs.co.kr/article_hub/20000072233?division=NAVER
27,2022.07.19.,심야 택시 승차난 탄력요금제로 푼다? 국토부 보고 내용,https://news.sbs.co.kr/news/endPage.do?news_id=N1006827655&plink=ORI&cooper=NAVER
28,2022.07.19.,"원희룡 ""심야 택시호출 성공 25%…탄력운영 추진""",http://moneys.mt.co.kr/news/mwView.php?no=2022071913250913597
29,2022.07.21.,저녁에 택시 잡기 정말 힘들죠?_돈쓸신잡 #55,http://www.elle.co.kr/article/68161
30,2022.07.18.,"원희룡 국토부 장관 ""GTX 조기 개통…택시 심야 할증 도입""",http://www.mbn.co.kr/pages/news/newsView.php?news_seq_no=4806722
31,2022.07.18.,"원희룡 ""심야택시 승차난 심각…배차성공률 50% 이상으로""",https://www.news1.kr/articles/?4746015
32,2022.07.18.,신도시 광역교통 첫 전수조사… 플랫폼 택시 탄력요금제 도입,http://www.segye.com/content/html/2022/07/18/20220718519959.html?OutUrl=naver
33,2022.07.20.,[ET] ‘승차난’ 해법은 심야 택시 요금 인상? 외,https://news.kbs.co.kr/news/view.do?ncd=5513930&ref=A
34,2022.07.20.,역대급 택시대란에 정부 고심…탄력요금제에 '타다'도 부활할까,https://www.news1.kr/articles/?4747828
35,2022.07.18.,"""8월 둘째 주 250만 호+α공급 발표""…플랫폼 택시 탄력요금제 도입",https://biz.sbs.co.kr/article_hub/20000072193?division=NAVER
36,2022.07.15.,심야 택시대란에 울산시 택시부제 한시적 해제,http://news.mk.co.kr/newsRead.php?no=625888&year=2022
37,2022.07.15.,"""월 105만원 더 준다""…택시대란, 이 방법으로 해결될까",https://www.sedaily.com/NewsView/268J7L8GQD
38,2022.07.07.,"부산시, 연말까지 심야 택시부제 해제…택시난 해소 기대",http://www.newsis.com/view/?id=NISX20220707_0001935223&cID=10811&pID=10800
39,2022.07.21.,택시 대란 속 법 재개정 논의 꿈틀...모빌리티 판세 변화 주목,http://www.digitaltoday.co.kr/news/articleView.html?idxno=454252
40,2022.07.14.,심야 택시대란에 “차라리 외박”,https://www.chosun.com/national/national_general/2022/07/14/KY23FNGV75DNZPTAQ3L5G7YYTY/?utm_source=naver&utm_medium=referral&utm_campaign=naver-news
41,2022.07.17.,'그 많던 택시 어디로 갔나' 충북 심야 택시대란 속사정,https://www.cctoday.co.kr/news/articleView.html?idxno=2165107
42,2022.07.18.,"울산시, 오늘부터 심야 택시부제 해제로 공급 확대",https://news.kbs.co.kr/news/view.do?ncd=5511401&ref=A
43,2022.07.12.,"""오늘도 못 잡았다""…'백약이 무효' 택시난 해법 없나요",http://www.edaily.co.kr/news/newspath.asp?newsid=03457126632393864
44,2022.07.19.,[경제읽기] 택시 탄력요금 도입·GTX 속도전…출퇴근 달라질까?,http://www.yonhapnewstv.co.kr/MYH20220719008600038/?input=1825m
45,2022.07.13.,"“월 100만원 더 줄게” ‘귀한 몸’된 택시기사, 어쩌다",http://news.heraldcorp.com/view.php?ud=20220712000917
46,2022.07.18.,"택시대란에 尹대통령, 해법 강력 지시…원희룡 ""강제운행도 생각""",http://news.mt.co.kr/mtview.php?no=2022071818063820823
47,2022.07.18.,"[업무보고][Q&A] ""도심복합사업 신탁·리츠방식 도입…택시공급 확대 검토""",http://www.newspim.com/news/view/20220718000643
48,2022.07.19.,밤늦게까지 술 마시고 택시가 안 잡힌다는 말에 尹 대통령이 한 말,https://www.insight.co.kr/news/404310
49,2022.07.20.,"""택시 대란 S.O.S""…정부, 타다 부활 카드 만지작",https://www.ebn.co.kr/news/view/1539108/?sc=Naver
50,2022.07.20.,"택시 대란에 다시 고개드는 ‘타다’…""모빌리티 시장 확장 기대""",https://www.ebn.co.kr/news/view/1539153/?sc=Naver
51,2022.07.04.,"서울시, 택시리스제 검토…""심야 승차난 대안아냐"" 반발",http://www.newsis.com/view/?id=NISX20220704_0001930340&cID=14001&pID=14000
52,2022.07.18.,수도권 전세·2층버스 늘리고 심야 '비싼 택시' 나온다,http://www.4th.kr/news/articleView.html?idxno=2021483
53,2022.07.18.,"원희룡 ""영끌·빚투족, 국가가 안아야...탄력요금제, 택시 수급 더 활성화할 것""",http://www.newspim.com/news/view/20220718000920
54,2022.07.08.,부산시 심야시간 택시부제 해제,http://news.mt.co.kr/mtview.php?no=2022070815042377763
55,2022.07.14.,갑질 논란 '택시 플랫폼' 현주소는?,http://moneys.mt.co.kr/news/mwView.php?no=2022070721504637916
56,2022.07.06.,'법인택시 리스'한다는데...떠난 택시기사들 돌아올까,http://news.mk.co.kr/newsRead.php?no=594653&year=2022
57,2022.07.11.,"“택시기사님들, 출근시간·심야에 UT 쓰면 최대 6천원 줘요”",http://www.edaily.co.kr/news/newspath.asp?newsid=02400966632393536
58,2022.07.11.,"심야 택시난 부산시, 택시부제 해제 추진",https://news.kmib.co.kr/article/view.asp?arcid=0924254338&code=11131418&cp=nv
59,2022.07.06.,편의점도 택시처럼 '심야할증',https://www.dnews.co.kr/uhtml/view.jsp?idxno=202207061516223540131
60,2022.07.08.,"“낮엔 싸게, 밤엔 비싸게…택시 탄력요금제 하면 승차난 해소”",https://www.joongang.co.kr/article/25085259
61,2022.07.07.,편의점 '심야할증제'?…점주들 '갸우뚱',https://biz.sbs.co.kr/article_hub/20000070621?division=NAVER
62,2022.07.20.,"""이젠 호출 대기 하세월"" 장애인의 발 서울시 바우처 택시도 승차난",https://ilyo.co.kr/?ac=article_view&entry_id=432863
63,2022.07.06.,"택시면허 산 기사들 ""교육 못받아 일 못나가요""",https://www.hankyung.com/society/article/2022070611701
64,2022.07.16.,"[사설] 밤마다 택시 대란, 언제까지 방치할 건가",https://www.hankyung.com/opinion/article/2022071518211
65,2022.07.10.,"늦은 밤 택시대란…부산시, 12일부터 택시 부제 해제",https://news.kmib.co.kr/article/view.asp?arcid=0017261956&code=61121111&cp=nv
66,2022.07.03.,"""운전할 기사가 없어요""… 택시대란, 밤낮이 따로 없다",http://www.fnnews.com/news/202207031811268620
67,2022.07.05.,"SR, 대전조차장 탈선 사고 보상 접수...심야교통비도 지원",http://www.edaily.co.kr/news/newspath.asp?newsid=02233686632391568
68,2022.07.12.,편의점 심야할증제 도입 찬반 논란,https://www.jjan.kr/article/20220712580285
69,2022.07.05.,"[단독] 편의점주들 '심야 물건값 5% 인상' 예고…""인건비 못 버텨""",https://news.jtbc.joins.com/article/article.aspx?news_id=NB12065087
70,2022.07.03.,[크랩] 대낮에도 택시 잡기 어렵던 90년대 클라스,https://news.kbs.co.kr/news/view.do?ncd=5500253&ref=A
71,2022.07.11.,'담배수수료개편·심야할증제'…집단행동 나선 편의점주들,http://www.edaily.co.kr/news/newspath.asp?newsid=01121766632393536
72,2022.06.27.,"심야교통난 해소…서울, 이르면 내달 ‘택시리스’ 도입",http://www.munhwa.com/news/view.html?no=2022062701031003353001
73,2022.07.05.,택배는 인력 블랙홀…택시 대란 와중에 택시는 놀고 공장은 나 홀로 사장,http://www.mbn.co.kr/pages/news/newsView.php?news_seq_no=4797977
74,2022.07.13.,[사설] 시대 역행 기득권 저항에 정치권이 영합해 만든 택시 대란,https://www.chosun.com/opinion/editorial/2022/07/13/RZLW3ITBCBHBJHZUSK53P5Y4A4/?utm_source=naver&utm_medium=referral&utm_campaign=naver-news
75,2022.07.08.,'새벽엔 더 비싸게' 편의점 심야할증제 '논란',http://www.jbnews.com/news/articleView.html?idxno=1365500
76,2022.07.06.,"[이슈인사이드] 편의점도 택시처럼?...""심야 할증 도입해야""",https://www.ytn.co.kr/_ln/0103_202207061213549869
77,2022.06.25.,불법 합승에 호객까지…심야 ‘무허가 택시’ 활개,http://www.ichannela.com/news/main/news_detailPage.do?publishId=000000302967
78,2022.07.02.,"“4일부터 요금 2만원→8만원, 말이 돼?” 카카오 ‘큰 택시’ 탔다간",http://news.heraldcorp.com/view.php?ud=20220702000078
79,2022.06.26.,"[매맞는 택시기사들]②""만취승객에 당한 뒤로 야간운전 포기했어요""",http://www.newsis.com/view/?id=NISX20220624_0001919536&cID=10201&pID=10200
80,2022.07.18.,"[속보] 윤석열 대통령, ""심야택시난, 국민이 볼모인지 검토""",http://www.asiaa.co.kr/news/articleView.html?idxno=92875
81,2022.07.12.,심야교통난에 편도형 이동 선호…'리턴프리' 인기,http://www.enewstoday.co.kr/news/articleView.html?idxno=1583078
82,2022.07.07.,"정보석 ""안 잡히는 택시, 대책 있어야""…귀갓길 '승차난' 토로",http://news.mt.co.kr/mtview.php?no=2022070721131043238
83,2022.07.05.,'일상 회복' 왔지만 '택시 회복' 멀었다,https://www.jnilbo.com/view/media/view?code=2022061902590666634
84,2022.07.09.,"부산시, 심야시간대 택시부제 해제 시범 추진",https://www.job-post.co.kr/news/articleView.html?idxno=56855
85,2022.06.28.,완주군 안심택시 앱 전면 정비,http://sjbnews.com/news/news.php?number=749571
86,2022.06.24.,"택시기사에 발길질한 승객…“만취, 기억안나” 발뺌",https://news.kmib.co.kr/article/view.asp?arcid=0017210353&code=61121211&cp=nv
87,2022.07.07.,"택시 대란에 귀가 전쟁 ""이유 있었네""",http://www.cctimes.kr/news/articleView.html?idxno=711393
88,2022.06.29.,"[재택플러스] ""노는 택시 모세요""‥'택시 리스제'",https://imnews.imbc.com/replay/2022/nwtoday/article/6383158_35752.html
89,2022.06.29.,[집중취재] 택시비 지역마다 천차만별... ‘불만 합승’,https://www.kyeonggi.com/article/20220629580254
90,2022.07.01.,집에 빈차로 돌아가던 택시 2300대...이 기술로 손님 태웠다,http://news.mt.co.kr/mtview.php?no=2022063015090128993
91,2022.06.24.,[명경대] 택시 합승,http://www.kado.net/news/articleView.html?idxno=1132209
92,2022.06.23.,"택시 잡다 지쳐 비즈니스호텔 찾았지만…""방 없습니다""",https://www.news1.kr/articles/?4720799
93,2022.06.30.,광주서도 40년만에 택시 합승 가능할까,http://www.namdonews.com/news/articleView.html?idxno=686717
94,2022.06.26.,"""콜버스·타다 계속 운행했다면 지금의 택시 대란은 없었을 것""",https://www.hankyung.com/it/article/2022062674271
95,2022.07.13.,거리두기 끝나자 '택시 대란'…업계선 '기사님' 모시기 경쟁,https://www.asiatime.co.kr/article/20220713500257
96,2022.06.23.,"심야 택시대란 해소 미지수…""빨리 합승이라도 가능해졌으면""",http://www.chungnamilbo.co.kr/news/articleView.html?idxno=666563
97,2022.07.13.,"대구 택시업계, 기본료 30% 인상 시동…市 ""타지역 기준 검토""",https://www.yeongnam.com/web/view.php?key=20220711010001339
98,2022.06.28.,대전 택시기사 이탈 현상 뚜렷,http://www.daejonilbo.com/news/articleView.html?idxno=2011192
99,2022.06.26.,‘동성끼리’ 택시 합승 가능 방침에… “택시대란 해결”vs“성별 구분 불합리”,https://www.sedaily.com/NewsView/267E9DZ2P0
100,2022.07.18.,심야택시 탄력요금제 도입...2025년 UAM·2027년 완전자율차 상용화,https://www.ytn.co.kr/_ln/0102_202207181803244526
101,2022.07.19.,"""국토부, 택시요금 현실화·타다 베이직 부활 고민할 때 """,http://news.mt.co.kr/mtview.php?no=2022071916303840938
102,2022.07.19.,"택시난 해소 도움될까... 코나투스, 탄력호출료 '로켓호출' 출시",http://www.fnnews.com/news/202207190941298348
103,2022.07.22.,"與, 플랫폼택시 탄력요금제에 “국민불편 해소 기대”",https://www.dnews.co.kr/uhtml/view.jsp?idxno=202207221014230670019
104,2022.07.20.,"택시요금 오르나...정부, 심야택시 탄력요금제 도입 추진",https://www.mk.co.kr/economy/view/2022/637906
114,2022.07.18.,심야택시 탄력요금제 도입으로 승차난 해소,https://www.yna.co.kr/view/PYH20220718187200013?input=1196m
116,2022.07.14.,"울산시, 18일부터 심야 택시부제 해제로 공급 확대",https://www.yna.co.kr/view/AKR20220714009600057?input=1195m
117,2022.07.19.,"코나투스 ""'로켓호출' 출시 후 택시 호출량 120% 증가""",http://www.inews24.com/view/1501815
118,2022.07.20.,타다·우버 영업 막더니 택시대란 해결책이 결국 요금 인상인가 [사설],http://news.mk.co.kr/newsRead.php?no=637507&year=2022
119,2022.07.21.,"[교통대란 해법] 국토부, 탄력 요금제 도입…'집' 떠난 택시기사들 불러들일 묘수될까",https://www.ajunews.com/view/20220721171831837
122,2022.07.18.,"[일문일답]원희룡 ""심야택시 4명중 3명 못 타…탄력요금제 도입""",http://news.bizwatch.co.kr/article/real_estate/2022/07/18/0018
123,2022.07.18.,"""민간 제안 도심복합사업 추진…심야택시 탄력요금제 도입""",http://www.enewstoday.co.kr/news/articleView.html?idxno=1584634
124,2022.07.14.,[더 한장] 심야 택시 대란은 왜 일어났나?,https://www.chosun.com/video_photo/2022/07/14/EM4DNO4PVJDYRBE7TUYEBRV4HE/?utm_source=naver&utm_medium=referral&utm_campaign=naver-news
127,2022.07.19.,"코나투스, 택시 승차난 해소한다…탄력호출료 '로켓호출' 출시",https://zdnet.co.kr/view/?no=20220719113344
128,2022.07.19.,불러도 오지않는 심야택시 대란에 타다·우버 재검토,http://www.seoulwire.com/news/articleView.html?idxno=475127
130,2022.07.18.,민간주도 주택공급…택시 탄력요금제 적용,https://www.dnews.co.kr/uhtml/view.jsp?idxno=202207181418247220855
134,2022.07.18.,민간 도심개발로 공급 속도…심야 택시 탄력요금제 도입,http://www.newstomato.com/ReadNews.aspx?no=1135517&inflow=N
139,2022.07.18.,"[국토부 업무보고] 출퇴근 혼잡, 심야택시 승차거부 등 교통불편 손질",https://www.dailian.co.kr/news/view/1133480/?sc=Naver
141,2022.07.19.,반반택시 ‘로켓호출’…배차난 해소·기사 수익 증대 ‘두 토끼’ 잡았다,http://news.heraldcorp.com/view.php?ud=20220719000275
142,2022.07.14.,"울산시, 심야시간 택시부제 한시적 해제 '시민 불편' 해소",http://www.newsis.com/view/?id=NISX20220713_0001942233&cID=10814&pID=10800
146,2022.07.20.,택시 대란 해소..탄력요금부터 '플랫폼 택시' 활성화까지 단계 추진,http://news.mt.co.kr/mtview.php?no=2022072016074971631
147,2022.07.18.,도심복합사업 민간에 개방…택시 탄력요금제 도입,http://www.newspim.com/news/view/20220718000565
148,2022.07.22.,"與, 요금 인상 우려에도 ""택시탄력요금제, 신속 도입 적극 지원바라""",http://www.goodkyung.com/news/articleView.html?idxno=182743
151,2022.07.20.,[사설] 탄력요금제로 심야 택시대란 잡을 수 있겠나,https://www.seoul.co.kr/news/newsView.php?id=20220720031009&wlog_tag3=naver
153,2022.07.18.,심야택시 대란 사라지나… 밤 10시부터 탄력요금제,http://www.dt.co.kr/contents.html?article_no=2022071902100263032001&ref=naver
154,2022.07.14.,"울산시, 심야시간 택시부제 해제로 심야택시 공급 확대",https://news.kmib.co.kr/article/view.asp?arcid=0017275260&code=61122021&cp=nv
155,2022.07.19.,"코나투스, 중형택시 대상 탄력호출료 '로켓호출' 출시",http://www.enewstoday.co.kr/news/articleView.html?idxno=1584697
156,2022.07.19.,"원 장관이 제시한 택시난 해법...""심야 운행 실적에 보조금 연동해 영업 강제""",https://hankookilbo.com/News/Read/A2022071910390002651?did=NA
159,2022.07.18.,"""응답하라 2022 택시""… 그 많던 택시기사는 어디로",http://moneys.mt.co.kr/news/mwView.php?no=2022071419444617908
161,2022.07.14.,울산 심야시간 택시부제 일시 해제…밤 10시~새벽 4시,https://www.nocutnews.co.kr/news/5786643
163,2022.07.19.,"코나투스 “로켓호출 도입 후, 심야시간 배차 성공률 60% 육박”",https://www.ddaily.co.kr/news/article.html?no=242607
169,2022.07.19.,심야택시 '탄력요금제' 적용해 승차난 해소 대중교통 통합정기권에 모빌리티 월정액제,http://www.smedaily.co.kr/news/articleView.html?idxno=235144
174,2022.07.19.,"원희룡 장관, 택시대란 해결책으로 '타다' 검토…""업계 함께 가야""",http://www.wolyo.co.kr/news/articleView.html?idxno=208354
176,2022.07.21.,"['택시 대란'에 탄력요금제 추진하는 정부] ""하루 10시간씩 일해도 월 200만원 못 버는데…""",http://www.labortoday.co.kr/news/articleView.html?idxno=210073
177,2022.07.18.,자정 넘어 도내 택시 잡기 별따기,http://www.jemin.com/news/articleView.html?idxno=740429
182,2022.07.19.,"하늘의 별따기만큼 힘든 택시잡기, 왜?",http://www.dynews.co.kr/news/articleView.html?idxno=666495
185,2022.07.14.,"울산시, 심야시간 택시부제 올해말까지 한시적 해제",https://www.viva100.com/main/view.php?key=20220714010003529
186,2022.07.20.,[fn사설] 택시대란 타개하려면 혁신 모빌리티 도입이 답,http://www.fnnews.com/news/202207201822241275
187,2022.07.07.,"부산도 연말까지 심야 택시부제 해제…""택시 대란 해소""",http://mbn.mk.co.kr/pages/news/newsView.php?category=mbn00009&news_seq_no=4799578
190,2022.07.14.,울산 심야시간대 택시 늘어난다…18일부터 택시부제 한시 해제,http://www.segye.com/content/html/2022/07/14/20220714508290.html?OutUrl=naver
192,2022.07.18.,"국토부, 플랫폼 택시 탄력요금제 도입...타다·우버 재검토",https://news.bbsi.co.kr/news/articleView.html?idxno=3074814
193,2022.07.19.,[발언대] 모빌리티 혁신과 택시 대란,https://view.asiae.co.kr/article/2022071809554508661
194,2022.07.22.,[생생경제] 택시 호출 취소했더니 수수료 폭탄...보상 규정은 미비?,https://radio.ytn.co.kr/program/?f=2&id=84144&s_mcd=0206&s_hcd=15
195,2022.07.18.,"원희룡, 심야 택시대란에 “타다 등 모빌리티 플랫폼과의 연계 검토”",https://www.sisa-news.com/news/article.html?no=205992
197,2022.07.18.,[국토부 업무보고]플랫폼 택시에 탄력요금제 도입…신도시 맞춤형 교통대책 마련,http://www.newsway.co.kr/news/view?tp=1&ud=2022071817401896666
198,2022.07.07.,"부산, 심야 택시부제 해제…""택시대란 해소""",https://www.yna.co.kr/view/AKR20220707143600051?input=1195m
199,2022.07.17.,'택시대란' 대책 마련 나선 지자체… 혁신 필요하다,https://www.cctoday.co.kr/news/articleView.html?idxno=2165109
203,2022.07.14.,"울산시, 18일부터 '심야' 택시부제 해제…낮은 운행률 대응책",http://www.upinews.kr/newsView/upi202207130094
204,2022.07.15.,"울산, 연말까지 심야시간 택시부제 한시적 해제",https://www.seoul.co.kr/news/newsView.php?id=20220715009003&wlog_tag3=naver
207,2022.07.21.,"소비자원 ""택시 플랫폼, 호출 취소 수수료 고지 미흡""",http://www.newscape.co.kr/news/articleView.html?idxno=86565
210,2022.07.07.,오늘도 지옥 같은 택시대란…뉴욕·도쿄는 이 요금제 도입했다,https://www.joongang.co.kr/article/25085050
211,2022.07.14.,밤 10시~새벽 4시 택시부제 한시적 해제,https://www.usmbc.co.kr/article/xEsuLl8a1RRpwaxrLhYA
217,2022.07.15.,심야시간 택시부제 일시해제,http://www.ksilbo.co.kr/news/articleView.html?idxno=941385
219,2022.07.12.,법인택시 기사 3년새 3만명 급감… 개인택시는 4대중 1대만 밤운행,https://www.chosun.com/national/national_general/2022/07/12/S5U35C4RCZETPL22FI7ES7ASYY/?utm_source=naver&utm_medium=referral&utm_campaign=naver-news
225,2022.07.07.,"부산시, 심야시간대 택시부제 해제로 택시대란 해소",https://www.nocutnews.co.kr/news/5783658
227,2022.07.20.,'3차 가는 순간 집 못 간다' 코로나19 규제 풀려도 심야 택시난에 집 못가던 시민에게 건넨 정부의 해결책은 다소 실망스럽다,https://www.huffingtonpost.kr/entry/seoul-night-taxi_kr_62d7904fe4b0a6852c3114c4?utm_id=naver
231,2022.07.07.,"부산시, 심야시간대(22시~04시) 택시부제 해제 시범 추진",http://daily.hankooki.com/news/articleView.html?idxno=845041
232,2022.07.08.,부산서 심야시간 택시부제 해제 시범 운영,http://www.segye.com/content/html/2022/07/07/20220707520167.html?OutUrl=naver
240,2022.07.16.,"[IT여담] 돌아버릴 것 같은 택시대란...정부, 헛다리 그만 긁어야",http://www.econovill.com/news/articleView.html?idxno=582021
241,2022.07.08.,"부산, 연말까지 '심야 택시부제 해제' 시범 추진",http://news.knn.co.kr/news/todaynews_read.asp?etime=2022070700059&userid=skkim&newsgubun=society
247,2022.07.07.,"""택시처럼 심야할증?"" 편의점 가맹점 vs 본사 '팽팽'",http://www.newsway.co.kr/news/view?tp=1&ud=2022070617374357180
248,2022.07.14.,"울산시, 심야 택시부제 해제···심야택시 공급 확대",http://www.metroseoul.co.kr/article/20220714500114
252,2022.07.07.,"부산시, 심야시간대 택시난 해소...택시부제 해제 시범 추진",http://www.sisamagazine.co.kr/news/articleView.html?idxno=453230
256,2022.07.05.,"SR, 대전조차장 탈선 사고 보상 접수...심야교통비 지원",https://biz.sbs.co.kr/article_hub/20000070126?division=NAVER
259,2022.07.03.,택시 왜 이리 안 잡혀?…운전기사들 떠나자 법인택시 30% 시동 껐다,https://news.imaeil.com/page/view/2022070314274138416
262,2022.07.04.,"서울개인택시조합 ""정부·서울시 '택시리스제' 추진 철회해야""",https://www.news1.kr/articles/?4731452
263,2022.07.08.,서울 택시리스제 도입에 개인택시 생존권 침해,https://www.junggi.co.kr/article/articleView.html?no=28991
264,2022.07.06.,"인천 편의점주들도 최저임금 부담…""심야 물건값 5% 올려야""",http://www.ifm.kr/news/339216
266,2022.07.17.,"""승객 많이 몰리는 시간대에 택시 공급 늘려야""",https://www.cctoday.co.kr/news/articleView.html?idxno=2165108
269,2022.07.08.,"심야시간 택시 잡기 쉬워질까?…부산시, 택시난 해소 추진",https://www.busaneconomy.com/news/articleView.html?idxno=283825
271,2022.07.03.,부천 심야 택시 ‘승차난’…부제해제 등 대책 시급,https://www.kyeonggi.com/article/20220703580112
272,2022.07.04.,‘택시 리스제’ 추진에 서울개인택시조합 “즉각 중단돼야”,https://biz.chosun.com/topics/topics_social/2022/07/04/6ZAW4EZOZNGF7KGBWWSIILGD6A/?utm_source=naver&utm_medium=original&utm_campaign=biz
274,2022.07.10.,"부산시, 심야시간대(밤10시~새벽4시) 택시부제 해제 시범 추진",http://www.gnnews.co.kr/news/articleView.html?idxno=504676
279,2022.07.06.,"""최저임금 인상 못 버텨""…편의점주 심야 할증제 요구",http://www.m-i.kr/news/articleView.html?idxno=932293
286,2022.07.08.,"부산시, 택시 대란 해소 위해 ‘심야 택시부제’ 해제",https://news.kbs.co.kr/news/view.do?ncd=5504646&ref=A
287,2022.07.13.,택시대란 해결방법 시장에서 찾아라,https://www.inews365.com/news/article.html?no=723072
290,2022.07.07.,"편의점업계, 심야 할증제 도입 놓고 ‘동상이몽’",https://www.dailian.co.kr/news/view/1130328/?sc=Naver
292,2022.06.24.,택시 기사에게 발길질·주먹 휘두른 30대 승객 “만취해 기억 안 나”,https://www.donga.com/news/article/all/20220624/114096315/2
294,2022.07.08.,"부산시, 12일부터 심야시간대 택시부제 해제",http://www.metroseoul.co.kr/article/20220708500090
295,2022.07.06.,"[이슈&이슈] 다시 불붙은 편의점 ‘심야할증’, 실제 도입 가능성은?",https://www.viva100.com/main/view.php?key=20220706010001386
297,2022.07.07.,정보석도 한탄한 귀갓길 택시 승차난: 늦은 밤거리 다녀본 이들이라면 공감할 수밖에 없다 (ft.대책은?),https://www.huffingtonpost.kr/entry/jeong-bo-seok_kr_62c6bbd6e4b0d740197fe2e4?utm_id=naver
303,2022.07.07.,[최저임금 인상 후폭풍] 4년 만에 또 불거진 '편의점 심야할증' 논란...도입 가능성은?,https://www.ajunews.com/view/20220707142231601
305,2022.07.05.,"SR, 탈선 사고 피해 승객에 택시비 등 보상",http://www.yonhapnewstv.co.kr/MYH20220705009800038/?input=1825m
313,2022.06.28.,"완주군, '안심택시 앱' 전면 정비 나선다",http://www.thekpm.com/news/articleView.html?idxno=125418
314,2022.06.21.,"타다, 심야 택시 대란에 '퇴근하는 기사'까지 배차한다",http://news.mt.co.kr/mtview.php?no=2022062115240923324
315,2022.07.14.,[사설] 대구 택시기본료 3300→4200원? 過하다,https://www.yeongnam.com/web/view.php?key=20220713010001651
316,2022.06.24.,[모빌리티칼럼]다시 돌아온 택시합승이 가져다 준 희망,http://www.etnews.com/20220624000151
317,2022.07.13.,“택시 잡기 너무 힘들다” 택시 대란 누구 책임인가,http://www.skyedaily.com/news/news_view.html?ID=161403
318,2022.07.19.,[IT 칼럼] 모빌리티 규제와 택시 대란,http://www.newscj.com/article/20220719580715
319,2022.07.01.,7월1일부터 광역전철 심야운행 재개,https://www.dnews.co.kr/uhtml/view.jsp?idxno=202207010938132630778
320,2022.06.27.,'다 죽는다' 부산 택시업계 아우성…전면 휴업 들어가는 회사도 나와,https://hankookilbo.com/News/Read/A2022062713150003347?did=NA
321,2022.07.05.,"""택시 안잡혀요""… 기사 부족에 시민불편 가중",https://www.cctoday.co.kr/news/articleView.html?idxno=2164568
322,2022.07.22.,"오세훈 ""대중교통 요금 오를까 시민 불안…정부 분담 필요""",https://www.yna.co.kr/view/AKR20220722075700004?input=1195m
323,2022.06.30.,7월 1일부터 수도권 광역전철 심야운행 재개,https://www.viva100.com/main/view.php?key=20220630010007276
324,2022.07.22.,"與 ""변동→고정금리 전환, 9억 원 미만 주택까지 확대 요청""",https://hankookilbo.com/News/Read/A2022072210540003852?did=NA
325,2022.06.17.,'자가용 영업'에 불법 합승·호객 법인택시…심야 택시 '무법천지',http://news.tvchosun.com/site/data/html_dir/2022/06/17/2022061790129.html
326,2022.06.15.,[팩트체크] 값비싼 중형택시 심야에 타실 건가요?,http://www.thescoop.co.kr/news/articleView.html?idxno=54587
327,2022.06.18.,드디어 심야택시 잡을 수 있을까? [뉴스큐레이터],https://h21.hani.co.kr/arti/society/society_general/52164.html
328,2022.06.21.,"심야 택시대란에 '카카오T'만 웃었다…""이용자 압도적 1위""",http://news.mt.co.kr/mtview.php?no=2022062109025983249
329,2022.06.13.,(제동걸린 시민의 발①)'심야 택시대란' 여전…따릉이 타고 집에 간다,http://www.newstomato.com/ReadNews.aspx?no=1128074&inflow=N
331,2022.06.14.,'택시 합승' 본격 시행…심야 택시난 구원투수로는 '글쎄',https://hankookilbo.com/News/Read/A2022060710380001101?did=NA
333,2022.06.10.,심야시간에 서울개인택시 5천대 늘린다,https://www.hankyung.com/life/article/2022061018747
334,2022.06.15.,15일부터 플랫폼택시 합승 허용…심야 승차난 해소 기대,http://www.shinailbo.co.kr/news/articleView.html?idxno=1562627
335,2022.06.14.,"플랫폼 택시 합승 개정안, 내일부터 시행…""심야 승차난 해소""",http://www.newsis.com/view/?id=NISX20220614_0001906209&cID=10201&pID=10200
336,2022.06.09.,"""택시 걱정 덜었어요""…심야 지하철 재개 반기는 시민들",http://www.newsis.com/view/?id=NISX20220608_0001900914&cID=10201&pID=10200
337,2022.06.17.,"'택시 기사가 없다', 심야 택시대란",http://news.knn.co.kr/news/todaynews_read.asp?etime=2022061600050&userid=mash&newsgubun=society
338,2022.06.07.,"서울지하철 2·5~8호선 심야운행 재개…""'택시대란' 면했네요""",http://www.newspim.com/news/view/20220607000602
339,2022.06.06.,"카카오모빌리티, 심야 택시대란 지속되자 탄력요금제 상향 조정",http://thepublic.kr/news/newsview.php?ncode=1065599143381069
340,2022.06.07.,'택시대란'에 서울지하철 2·5·6·7·8호선 오늘부터 심야운행,http://www.seoulwire.com/news/articleView.html?idxno=471318
342,2022.06.03.,[팩트체크] 택시 심야할증 시간 밤 10시로 앞당기면 타실 건가요?,http://www.thescoop.co.kr/news/articleView.html?idxno=54470
343,2022.06.14.,"내일부터 플랫폼 택시 합승 허용...""심야 승차난 해소""",https://www.sisa-news.com/news/article.html?no=202158
344,2022.06.07.,"""심야 '택시 대란'에 웃돈 줘도 택시 안잡혀…난감""",http://www.newsis.com/view/?id=NISX20220607_0001898620&cID=10201&pID=10200
346,2022.07.18.,"'나의 해방일지' 전해들은 尹 ""GTX 공사 너무 느려, 최대한 당겨라""",https://www.news1.kr/articles/?4745895
347,2022.06.07.,"20대 택시강도 '48km' 심야 도주극‥""별풍선 돌려달라""",https://imnews.imbc.com/replay/2022/nwdesk/article/6376337_35744.html
348,2022.06.07.,하노이서 한인 심야에 택시 탔다가 운전사에 현금 털려,https://www.yna.co.kr/view/AKR20220607054900084?input=1195m
349,2022.07.21.,"[중기소식]클래스101, 7월 한정 '98% 마지막 할인' 등",http://www.newsis.com/view/?id=NISX20220721_0001951684&cID=13001&pID=13000
350,2022.06.07.,[포토]지하철 심야 운행 '택시 대란 해소될까?',http://www.edaily.co.kr/news/newspath.asp?newsid=03204566632359424
352,2022.06.21.,"""따따블 줘도 안잡혀요"" 밤마다 또 택시 전쟁, 요금 최대 4배 폭증",http://news.mk.co.kr/newsRead.php?no=543041&year=2022
353,2022.06.21.,"40년만에 풀린 택시 합승, 이런 경우는 또 안 된다는데…",https://misaeng.chosun.com/site/data/html_dir/2022/06/17/2022061701596.html?utm_source=naver&utm_medium=referral&utm_campaign=misaeng
354,2022.06.22.,거리두기 해제후 '택시전쟁'…승차거부 등 민원 2배 껑충,http://www.newsis.com/view/?id=NISX20220621_0001915147&cID=14001&pID=14000
355,2022.07.18.,"도심복합사업, 민간 주도로 추진…'타다' 부활도 검토(종합)",http://www.newsis.com/view/?id=NISX20220718_0001947084&cID=10401&pID=10400
356,2022.06.19.,술자리 끝났는데 택시는 없고... 늘어난 '음주 따릉이',http://www.fnnews.com/news/202206150935273028
357,2022.06.08.,[르포] “새벽 지하철 타니 진짜 코로나 끝난 기분”…서울 지하철 심야운행 재개,http://news.heraldcorp.com/view.php?ud=20220608000114
358,2022.06.08.,"심야 지하철 2년 만에 재개…""귀가 한결 편해져"" vs ""회식 길어져 싫어""",http://www.newsis.com/view/?id=NISX20220608_0001900461&cID=10201&pID=10200
359,2022.06.06.,지하철 2호선·5~8호선 내일부터 심야운행 재개,https://news.kbs.co.kr/news/view.do?ncd=5479174&ref=A
362,2022.06.07.,2호선·5~8호선 오늘부터 심야운행…1호선은 다음 달부터,https://news.kbs.co.kr/news/view.do?ncd=5479441&ref=A
364,2022.06.06.,택시난으로 천정부지로 치솟은 ‘심야 귀가비’…물가 폭탄에 두 손 놓은 정부 정책,https://biz.chosun.com/policy/policy_sub/2022/06/06/OIUV5P6XINFJPB5B5ESELHMQCU/?utm_source=naver&utm_medium=original&utm_campaign=biz
365,2022.06.19.,[데이터로 보는 경기] 시·군에 택시 부제 해제 당부… 대책 나선 道,https://www.kyeonggi.com/article/20220619580187
366,2022.06.15.,고급 택시도 귀한 밤…“영등포 2만원” 무허가 택시 활개,https://www.khan.co.kr/local/Seoul/article/202206152158005
367,2022.06.22.,택시가 울고 있다 … 기사는 떠나고 적자는 쌓이고 소비자 불편은 커가는데 ‘답’ 없는 정치,https://view.asiae.co.kr/article/2022062208035375939
368,2022.06.15.,"플랫폼 택시 합승 허용, 누리꾼 의견은?",http://www.ekoreanews.co.kr/news/articleView.html?idxno=61277
369,2022.06.14.,검증만 최소 5개월...오세훈표 '택시 리스제' 실효성 논란,http://www.newspim.com/news/view/20220613000635
374,2022.06.21.,"[뉴스라이더] ""움직이면 더 손해""...휴업택한 택시회사 '속사정'은?",https://www.ytn.co.kr/_ln/0103_202206210907240042
375,2022.06.07.,지하철 2·5~8호선도 오늘부터 심야운행 재개,http://www.yonhapnewstv.co.kr/MYH20220607015500038/?input=1825m
376,2022.06.06.,지하철 심야운행 재개… 7일부터 지하철 7호선 새벽 1시까지 운행,http://www.joongboo.com/news/articleView.html?idxno=363544587
377,2022.06.13.,"(제동걸린 시민의 발②)기사 없어 멈춰 선 택시들…서울시는 ""요금 인상 안 돼""",http://www.newstomato.com/ReadNews.aspx?no=1127989&inflow=N
378,2022.07.19.,‘나의 해방일지’ 전해들은 尹…“GTX 개통 최대한 빨리”,https://news.kmib.co.kr/article/view.asp?arcid=0017288938&code=61111111&cp=nv
379,2022.06.16.,"택시 합승 본격 시행, 실효성은 '글쎄'",http://www.daejonilbo.com/news/articleView.html?idxno=2009576
381,2022.06.20.,[팩트체크] 6월 15일부터 택시 합승 가능하다?,http://www.newstof.com/news/articleView.html?idxno=12596
382,2022.06.15.,40년만에 합승 부활…“모르는 사람이랑 택시 탈 수 있어?”,http://news.heraldcorp.com/view.php?ud=20220615000875
383,2022.06.14.,택시 합승 서비스 15일부터 시행…동성끼리만 가능,https://zdnet.co.kr/view/?no=20220614110739
384,2022.06.14.,'택시 합승' 40년만에 시행…동성간 합승만 허용,http://www.inews24.com/view/1490090
385,2022.06.06.,"서울 지하철 2·5~8호선, 내일부터 오전 1시까지 운행…심야운행 재개",https://www.donga.com/news/article/all/20220606/113806172/1
386,2022.06.18.,택시 합승 가능해졌지만 정착은 '글쎄'… 승객·기사 모두 부정적,http://www.kado.net/news/articleView.html?idxno=1131265
387,2022.06.06.,내일부터 서울 지하철 2·5·6·7·8호선 심야 운행,http://www.edaily.co.kr/news/newspath.asp?newsid=02148406632359096
388,2022.06.08.,[팩트체크] 법인택시 늘리는 게 맞지만 늘릴 방법 없다,http://www.thescoop.co.kr/news/articleView.html?idxno=54525
389,2022.06.08.,"서울시의회, 택시요금 인상절차 간소화 추진…인상 수순?",http://www.newsis.com/view/?id=NISX20220607_0001899314&cID=14001&pID=14000
392,2022.06.14.,"""플랫폼택시 합승 안전하게""…5인승 이하 男男·女女 합승만 허용",https://www.yna.co.kr/view/AKR20220614067900003?input=1195m
393,2022.06.14.,(영상)플랫폼 택시 합승 허용…중소형은 동성만 가능,http://www.newstomato.com/ReadNews.aspx?no=1128520&inflow=N
397,2022.06.06.,"“2만→7만원, 이게 말이 돼?” ‘따따블’ 택시 ‘여기’만 노났다",http://news.heraldcorp.com/view.php?ud=20220606000246
398,2022.06.16.,플랫폼 택시 합승 개정안 시행...5인승 이하는 동성승객만 가능,http://www.outsourcing.co.kr/news/articleView.html?idxno=94161
399,2022.06.07.,"""따따블로도 안 잡혀""… 밤마다 벌어지는 '택시 대란'",http://moneys.mt.co.kr/news/mwView.php?no=2022060715233862437
406,2022.06.15.,"""같은 방향"" 택시기사가 태우는 건 금지…오늘부터 '합승' 하려면",http://news.mt.co.kr/mtview.php?no=2022061507062324129
407,2022.07.18.,"타다·우버 돌아오나…원희룡 ""타다 금지 때랑 현재 상황 다르다""",http://news.mt.co.kr/mtview.php?no=2022071820415936043
408,2022.06.14.,내일부터 '택시 합승' 허용…5인승 이하는 '동성' 합승만,http://www.busan.com/view/busan/view.php?code=2022061413475594213
409,2022.06.14.,택시 합승 내일부터 부활…플랫폼 업체 준비는 전무,http://www.mbn.co.kr/pages/news/newsView.php?news_seq_no=4783191
410,2022.06.15.,[핫네임] 플랫폼 택시 합승 허용,http://www.newsworks.co.kr/news/articleView.html?idxno=600780
414,2022.06.14.,내일부터 '택시 합승' 허용…'동성'만 태우고 '플랫폼' 접수해야,https://www.news1.kr/articles/?4710817
415,2022.06.04.,"""집 갈 수 있어 다행""…'택시대란'에 지하철 연장운행 반기는 시민들",http://news.tvchosun.com/site/data/html_dir/2022/06/04/2022060490055.html
416,2022.06.07.,[뉴있저] 서울 지하철 2·5·6·7·8호선 연장운행 재개...택시대란 해소될까,https://www.ytn.co.kr/_ln/0103_202206071959359734
417,2022.07.18.,윤 대통령 “주거안정 최우선…GTX 앞당겨 출퇴근 불편 해소”,https://news.kbs.co.kr/news/view.do?ncd=5511893&ref=A
418,2022.07.19.,"국토부 업무보고에 등장한 '나의 해방일지'.. 尹 ""GTX 공사 당겨라""",http://www.fnnews.com/news/202207182203239917
419,2022.06.08.,속도 맘에 안 든다고 택시기사 뒤통수 때린 50대 남성 검거,https://biz.chosun.com/topics/topics_social/2022/06/08/FDCRVE3ISNFF3OJJIFOY367KBM/?utm_source=naver&utm_medium=original&utm_campaign=biz
429,2022.06.06.,그많던 대구 택시 어디로 갔을까…코로나 여파 법인택시 기사 감소로 택시잡기 하늘에 별따기,http://www.idaegu.com/newsView/idg202206060055
430,2022.06.14.,내일부터 카카오택시·우티·타다 '합승' 가능…남-녀 이성 합승은 제한,https://news.imaeil.com/page/view/2022061416594446231
432,2022.06.14.,‘플랫폼 택시’ 합승 안전하게…5인승 이하는 동성끼리만,http://www.segye.com/content/html/2022/06/14/20220614516196.html?OutUrl=naver
439,2022.07.18.,"'나의 해방일지' 들은 尹, GTX 조기개통 지시(종합)",http://www.edaily.co.kr/news/newspath.asp?newsid=03899926632395832
440,2022.06.14.,플랫폼 택시 합승 내일(15일)부터…중형까진 '같은 성별'끼리만,http://mbn.mk.co.kr/pages/news/newsView.php?category=mbn00009&news_seq_no=4782965
441,2022.06.14.,"'남녀칠세부동석' 중·소형 플랫폼 택시, 같은 성별만 합승 허용",http://www.edaily.co.kr/news/newspath.asp?newsid=02187766632361720
442,2022.06.14.,5인승 이하 플랫폼 택시는 '동성만 합승',http://www.smedaily.co.kr/news/articleView.html?idxno=232658
450,2022.06.14.,15일부터 플랫폼 택시 합승 허용...5인승 이하는 동성만 가능,http://www.delighti.co.kr/news/articleView.html?idxno=36822
451,2022.06.14.,플랫폼 택시 합승 서비스 15일부터…중형 이하는 같은 성별끼리만,https://ilyo.co.kr/?ac=article_view&entry_id=430466
452,2022.06.14.,카카오 택시 합승 내일(15일)부터 시작...같은 성별끼리만 이용 가능,https://www.insight.co.kr/news/399518
460,2022.06.14.,오늘부터 플랫폼 택시 동성 합승 허용,http://www.ccdn.co.kr/news/articleView.html?idxno=764868
461,2022.06.14.,"40년 만에 부활한 택시 합승 내일 시행…""동성 합승 불가""",https://www.ebn.co.kr/news/view/1534255/?sc=Naver
462,2022.06.14.,플랫폼 택시 합승 시 성별 조건 확인해야,https://kizmom.hankyung.com/news/view.html?aid=202206140101o
473,2022.06.04.,"""따따블""…밤마다 택시전쟁, 귀갓길 최대 4배 뛰었다",http://news.mt.co.kr/mtview.php?no=2022060318390433045
474,2022.06.03.,[단독]“택시 합승한 남성이 쫓아와 주거침입 시도”,http://www.ichannela.com/news/main/news_detailPage.do?publishId=000000300045
475,2022.07.18.,"尹, 임대차3법 2년 대비 ""주거안정 최우선…GTX 개통 앞당겨야""",https://www.nocutnews.co.kr/news/5788806
476,2022.07.18.,[연합뉴스 이 시각 헤드라인] - 18:00,https://www.yna.co.kr/view/AKR20220718145400011?input=1195m
477,2022.07.19.,"원희룡 ""이준석, 정권교체 1등 공신…국민 원하는 것 해줘야""",http://www.newsis.com/view/?id=NISX20220719_0001947992&cID=10401&pID=10400
478,2022.07.19.,조합 설립 안 해도 도심 재개발… 尹 “GTX A노선 개통 앞당겨야”,https://www.seoul.co.kr/news/newsView.php?id=20220719003014&wlog_tag3=naver
479,2022.07.18.,[국토부 업무보고] 공공기관 지방 이전 본격 추진,https://news.imaeil.com/page/view/2022071817574261517
480,2022.07.22.,"성일종, ""4억 미만 변동→고정금리 혜택, 8~9억 집까지 확대"" 추진",http://www.newsfc.co.kr/news/articleView.html?idxno=53247
481,2022.07.20.,"尹 ""대통령 안보여도 좋다""…참모들 전진 배치로 '지지율 방어'",https://www.nocutnews.co.kr/news/5789532
482,2022.07.19.,"원희룡 ""GTX, 2년 정도 앞당길 수 있다""…'예타 면제' 검토 열어놔",https://www.news1.kr/articles/?4746296
483,2022.07.19.,"원희룡 ""尹에 쓴소리, 제가 문 닫아 걸고 하겠습니다""",https://www.nocutnews.co.kr/news/5788893
484,2022.07.18.,"용적률 상향 특례, 민간에도 부여… ‘250만호+α’ 속도낸다 [주택공급 확대 어떻게]",http://www.fnnews.com/news/202207181831573297
485,2022.07.18.,"도심공급, ‘공공주도→민간주도·공공지원’ 방향 튼다…‘250만호+α’ 박차",http://news.heraldcorp.com/view.php?ud=20220718000809
486,2022.06.30.,"[사설] 택시비 지자체마다 제각각, 요금체계 단순화",https://www.kyeonggi.com/article/20220630580325
487,2022.07.18.,"尹 ""GTX 개통 최대한 빨리""…배경은 드라마 '나의 해방일지'?",https://hankookilbo.com/News/Read/A2022071817250002123?did=NA
488,2022.07.20.,[주요 신문 사설](20일 조간),https://www.yna.co.kr/view/AKR20220720015400505?input=1195m
489,2022.07.18.,"윤 대통령 “임대차3법, 각별히 챙겨달라”",https://www.hani.co.kr/arti/politics/politics_general/1051418.html
490,2022.07.18.,민간 재개발·재건축 통합 심의…인허가 기간 1년 단축,http://www.yonhapnewstv.co.kr/MYH20220718017500641/?input=1825m
491,2022.07.22.,원희룡 국토부장관이 尹대통령 만나 언급한 드라마는? [주간 부동산 이슈-7월 3주],http://www.fntimes.com/html/view.php?ud=2022072217175643215e6e69892f_18
492,2022.07.19.,"주택공급, 민간 주도로 전환…아파트 ‘250만호+α’ 추진",https://www.joongang.co.kr/article/25087858
493,2022.07.18.,민간 도심복합사업도 민간특례 부여···주택정책 방향 ‘민간 주도+공공지원’으로 전환+표,https://www.seoul.co.kr/news/newsView.php?id=20220718500187&wlog_tag3=naver
494,2022.07.18.,"‘변동→고정금리’ 한시 허용, ‘디딤돌대출’ 이자 부담 줄인다",http://www.busan.com/view/busan/view.php?code=2022071816553206386
495,2022.07.18.,"정부, 공공 대신 민간 주도로 주택 공급 속도낸다",https://www.hankyung.com/realestate/article/202207185640i
496,2022.07.18.,주택 '250만호+α' 본격추진…공공에 준 각종특혜 민간에도 적용,https://biz.newdaily.co.kr/site/data/html/2022/07/18/2022071800079.html
497,2022.07.18.,[일문일답]'공공→민간' 도심 복합사업 전환 허용한다,http://www.edaily.co.kr/news/newspath.asp?newsid=03719526632395832
498,2022.07.19.,"원희룡 장관 ""재건축 초과이익 환수제 8월 개선""",http://www.edaily.co.kr/news/newspath.asp?newsid=02381286632396160
499,2022.07.18.,GTX A~F 모두 속도낸다…신도시엔 광역버스 확대,http://news.bizwatch.co.kr/article/real_estate/2022/07/18/0005
501,2022.07.18.,"국토부, 주거안정과 ‘모빌리티 혁신 로드맵’ 등으로 신성장 동력 확충",https://zdnet.co.kr/view/?no=20220718171750
502,2022.07.20.,운수사업이 된 운수사업,http://www.gnmaeil.com/news/articleView.html?idxno=500336
503,2022.07.18.,"[이슈분석] 원희룡 '국토부 2개월', 어떤 일 해왔나",https://www.ajunews.com/view/20220718164415135
504,2022.07.18.,“신속한 도심 주택공급 위해 민간 특례제도 신설·확대”,http://www.kookje.co.kr/news2011/asp/newsbody.asp?code=0200&key=20220718.99099005108
505,2022.07.18.,공공개발 후보지도 주민 원하면 민간 개발로 전환 가능해진다,https://www.chosun.com/economy/real_estate/2022/07/18/3ZUJCQ5BSZE7DFFJYSU74BE42Y/?utm_source=naver&utm_medium=referral&utm_campaign=naver-news
506,2022.07.18.,"국토교통부 업무보고, 尹 ""지방성장 거점과 교통망으로 균형발전""",http://www.kookje.co.kr/news2011/asp/newsbody.asp?code=0100&key=20220718.99099005126
507,2022.07.18.,"尹, 원희룡에 GTX 속도전 주문…""제2 중동붐 조성 노력을""",https://www.joongang.co.kr/article/25087804
508,2022.07.19.,"尹대통령, GTX-A 조기 개통 지시… D·E·F는 임기내 예타 추진",https://news.kmib.co.kr/article/view.asp?arcid=0924255647&code=11151500&cp=nv
509,2022.07.18.,"원희룡 ""새정부 주택 정책 구체화…공급 로드맵 등 연이어 발표""",https://www.news1.kr/articles/?4745330
511,2022.07.18.,[국토부 업무보고] 전방위 혁신 통해 '250만호+α' 주택 공급,http://www.inews24.com/view/1501685
512,2022.07.18.,"원희룡 장관 ""주택공급 로드맵·전세사기·청년지원 정책 준비해 발표""",http://www.inews24.com/view/1501747
513,2022.07.18.,"민간도심사업도 공공수준 특례준다…""용적률 완화·세제혜택""(종합)",https://www.news1.kr/articles/?4745709
514,2022.07.18.,국토부 업무보고 받은 윤 대통령 “주거안정·GTX 조기개통” 지시,https://www.dnews.co.kr/uhtml/view.jsp?idxno=202207181812160590991
515,2022.07.19.,‘공공주도 → 민간주도·공공지원’...‘250만호+α’ 공급 박차,http://news.heraldcorp.com/view.php?ud=20220719000474
516,2022.07.19.,[오늘의 주요 일정] '1천억대 사기' 빗썸 실소유주 1심 공판,http://www.safetimes.co.kr/news/articleView.html?idxno=112730
517,2022.07.19.,[다시보기] 7월 19일 (화) 오전 사이언스 투데이,https://science.ytn.co.kr/program/program_view.php?s_mcd=0082&s_hcd=0023&key=202207191155226158
518,2022.07.20.,타다-우버 부활하나 … 원희룡 “타다금지법 때와 상황 달라져”,https://weekly.cnbnews.com/news/article.html?no=144267
519,2022.07.18.,尹대통령 “주거안정 최우선…GTX 확충해 출퇴근 불편 해소” 당부,http://news.heraldcorp.com/view.php?ud=20220718000832
522,2022.07.19.,"원희룡 국토부 장관 ""GTX 개통시기, 2년 앞당길 수 있다""",http://www.seoulfn.com/news/articleView.html?idxno=461671
523,2022.07.18.,[국토부 업무보고-Q&A] “통합심의로 인허가 1년 단축…2~3년 소요 예상”,https://www.dailian.co.kr/news/view/1133605/?sc=Naver
524,2022.07.18.,7월 18일 '뉴스 9' 헤드라인,http://news.tvchosun.com/site/data/html_dir/2022/07/18/2022071890112.html
525,2022.07.18.,"윤 대통령, 국토부에 ""민생 안정의 핵심, 주거 안정·복지를 최우선 과제로"" 지시",http://www.newsway.co.kr/news/view?tp=1&ud=2022071818292632027
526,2022.07.18.,"""민간 주도 주택 250만 호 공급 대책, 8월 둘째 주 발표한다""",https://hankookilbo.com/News/Read/A2022071814000001875?did=NA
527,2022.07.18.,"정부, 민간도심개발 활성화...전문가 ""침체 시장에 공급 동력 기대""",http://news.mt.co.kr/mtview.php?no=2022071816242251664
528,2022.07.18.,윤 정부 ‘주택공급 주체’ 공공서 민간으로…GTX B·C조기 착공,https://www.inthenews.co.kr/news/article.html?no=47323
529,2022.07.18.,'250만+α' 주택 공급하고 서민 주거비 부담 낮춘다,http://www.edaily.co.kr/news/newspath.asp?newsid=03703126632395832
530,2022.07.21.,"[데일리픽] 타다 베이직 부활할까?...토스, 알뜰폰 사업까지",http://www.digitaltoday.co.kr/news/articleView.html?idxno=454429
531,2022.07.18.,"국토부, 尹 정부 업무계획 보고...신도시 출퇴근 버스 확대",https://idsn.co.kr/news/view/1065602213406388
532,2022.07.22.,"여당 지도부 만난 오세훈, 지하철 무임수송-주택공급에 국비 요청",http://www.ohmynews.com/NWS_Web/View/at_pg.aspx?CNTN_CD=A0002852364&CMPT_CD=P0010&utm_source=naver&utm_medium=newsearch&utm_campaign=naver_news
533,2022.07.18.,"국토부, 민간 주도 주택사업 특례 강화 주거 공급 속도…250만호 로드맵 8월",http://www.smedaily.co.kr/news/articleView.html?idxno=235142
534,2022.07.18.,"윤대통령 국토부 업무보고서 ""지방거점·교통망으로 균형발전 이끌어야""…환경부 업무보고도 받아",https://www.yeongnam.com/web/view.php?key=20220718010002332
535,2022.07.19.,"'민생경제' 등위에 올라탄 원희룡 국토부 장관, 3대 정책으로 '민심' 얻을까",http://www.pennmike.com/news/articleView.html?idxno=55720
536,2022.07.19.,국토부 '민간제안 도심 복합사업' 신모델 도입…주택공급 혁신,http://www.econovill.com/news/articleView.html?idxno=582193
537,2022.07.18.,"윤 대통령, 국토부에 ""GTX-D·E·F, 사업 단축 방안 마련하라""",http://www.kyeongin.com/main/view.php?key=20220718010003110
538,2022.07.18.,[충청브리핑] 인구소멸 급가속… 2030년 ‘인구지진’,https://cc.newdaily.co.kr/site/data/html/2022/07/18/2022071800003.html
539,2022.07.18.,尹 “GTX A 개통 당기고 전·월세 시장 챙겨달라”,http://www.edaily.co.kr/news/newspath.asp?newsid=04063926632395832
541,2022.07.18.,"[국토부 업무보고] 원희룡 ""주택공급·전세·청년대책 연이어 발표""",http://news.einfomax.co.kr/news/articleView.html?idxno=4224453
542,2022.07.18.,내달까지 전국 신도시 전수조사…새 교통대책 마련,http://www.edaily.co.kr/news/newspath.asp?newsid=03709686632395832
543,2022.07.19.,민간 도심개발에 공공수준 특례 혜택,http://www.naeil.com/news_view/?id_art=429879
544,2022.07.18.,"尹대통령 ""GTX 개통 앞당기라"" 지시",http://www.joongboo.com/news/articleView.html?idxno=363550812
545,2022.07.18.,원희룡 “국민 주거안정 실현…출퇴근 시간 돌려드리겠다”,https://www.dailian.co.kr/news/view/1133509/?sc=Naver
546,2022.07.20.,[스타트업 소식] 테사·딜라이트룸·코나투스·번개장터 外,http://www.dailypop.kr/news/articleView.html?idxno=61484
547,2022.06.08.,"[르포] ""택시 안잡혀서 난감했는데""…돌아온 심야 지하철에 시민들 '환영'",https://www.news1.kr/articles/?4704901
548,2022.07.19.,'민간 제안 도심 복합사업' 도입·해외수주 확대,https://www.ktv.go.kr/content/view?content_id=652097
549,2022.07.18.,"국토부 업무보고 받은 尹… ""임대차3법 2년, 주거안정 최우선 과제로""",https://www.newdaily.co.kr/site/data/html/2022/07/18/2022071800223.html
550,2022.07.18.,[업무보고] 250만가구+α 로드맵 8월 둘째주 발표…GTX-B·C 조기착공,http://www.newspim.com/news/view/20220718000753
551,2022.07.20.,[모빌리티핫이슈] 드론 배송 실증 주목... 카셰어링 3사 경쟁 후끈,http://www.digitaltoday.co.kr/news/articleView.html?idxno=454009
552,2022.07.11.,"이범석 청주시장 ""직원 성과엔 과감한 혜택…조직문화 바꿔야""",https://www.news1.kr/articles/?4738667
553,2022.07.18.,민간의 도심내 주택공급 확대 지원...국토부 업무보고,https://news.bbsi.co.kr/news/articleView.html?idxno=3074766
554,2022.07.19.,"원희룡 국토장관 ""공급 확대 위해 민간에도 용적률·세제 혜택 주겠다""",http://news.einfomax.co.kr/news/articleView.html?idxno=4224554
555,2022.07.18.,"윤 대통령 ""GTX-A 개통 일정 최대한 당겨라…출퇴근 불편 해소해야""",http://www.newsworks.co.kr/news/articleView.html?idxno=603471
556,2022.07.19.,"[기자수첩] '모빌리티 무덤' 한국, 변화를 영원히 미룰 수는 없다",http://www.seoulwire.com/news/articleView.html?idxno=475171
557,2022.07.19.,[핫이슈 키워드] 재닛 옐런 방한·대우조선 파업·코인 및 주식 빚투 탕감?·증권거래세 깎아준다,https://biz.sbs.co.kr/article_hub/20000072251?division=NAVER
558,2022.07.14.,[굿모닝브리핑] 수도권에 쏟아진 '물폭탄'...위험은 여전히 방치,https://www.ytn.co.kr/_ln/0103_202207140703560755
559,2022.07.19.,[국토부 업무보고] 민간 도심복합사업에도 특례제도 신설…'250만호+α' 로드맵 8월 둘째주 발표,http://www.megaeconomy.co.kr/news/newsview.php?ncode=1065550975977349
560,2022.07.11.,"이범석 청주시장 ""시청 일 중심 성과 창출 조직으로 바뀌어야""",https://www.nocutnews.co.kr/news/5785071
561,2022.06.06.,"""택시 대란 끝?"" 서울 지하철 2·5·6·7·8호선, 내일부터 심야운행",http://news.mt.co.kr/mtview.php?no=2022060321542247289
562,2022.07.19.,[Who Is ?] 김동연 경기도 도지사,https://www.businesspost.co.kr/BP?command=article_view&num=287260
563,2022.07.19.,"'건설·교통안전 직결부처' 국토부, 새정부 업무보고에 '안전'은 빠졌다",https://www.safetynews.co.kr/news/articleView.html?idxno=214042
564,2022.07.15.,거대 양당의 쌍끌이 침몰,http://www.labortoday.co.kr/news/articleView.html?idxno=209983
565,2022.07.19.,[경제 톡톡톡]4대 은행 대출금리 살펴보니…덜 찾는 ‘고정형’만 찔끔 낮춰,http://www.ichannela.com/news/main/news_detailPage.do?publishId=000000306032
566,2022.07.05.,"SR, 홈페이지·앱 등 통해 경부선 탈선사고 보상 절차 진행",https://www.news1.kr/articles/?4732245
567,2022.06.07.,[포토]'택시 대란' 대안으로 지하철 심야 운행,http://www.edaily.co.kr/news/newspath.asp?newsid=03201286632359424
568,2022.07.18.,"원희룡 보고 받은 윤 대통령 “주거안정과 복지, 최우선 추진… GTX 등 확충, 출퇴근 불편 해소해 달라”",https://www.viva100.com/main/view.php?key=20220718010004504
569,2022.07.06.,"SR, 고속열차 탈선사고 '보상절차' 시작",http://www.newsis.com/view/?id=NISX20220706_0001932658&cID=10807&pID=10800
571,2022.07.18.,"尹대통령 ""주거안정 최우선, GTX 교통망 확충해야""",http://www.viewsnnews.com/article?q=203664
572,2022.07.18.,[국토부 업무보고] 주택공급 로드맵 내달 둘째주 발표,http://news.einfomax.co.kr/news/articleView.html?idxno=4224451
573,2022.07.11.,"""일하는 성과중심의 조직으로 바꿔야""",https://www.inews365.com/news/article.html?no=722713
574,2022.06.27.,매각설 나오는 카카오모빌리티에 무슨 일이,https://www.mk.co.kr/economy/view/2022/554518
575,2022.07.05.,SRT 대전조차장 탈선사고 보상 이렇게 신청하세요,https://www.sedaily.com/NewsView/268EJURZL1
576,2022.06.20.,"서울 지하철 1호선, 경부선, 경인선 심야 운행... 남은 노선은?",http://www.ggilbo.com/news/articleView.html?idxno=918218
577,2022.07.20.,"국토부, 도심복합사업 특례 민간에도 부여…주택공급 속도·효율성 끌어올린다",http://www.dailypop.kr/news/articleView.html?idxno=61468
578,2022.06.09.,“귀가 부담 덜었다”…심야 지하철 운행에 ‘반색’,http://www.edaily.co.kr/news/newspath.asp?newsid=02778166632360080
579,2022.06.14.,필리핀 한국대사관 인근 심야 총격전 '교민사회 불안',http://www.chungnamilbo.co.kr/news/articleView.html?idxno=664963
581,2022.07.11.,"이범석 청주시장 ""일중심의 성과 창출 조직으로 탈바꿈"" 강조",https://www.ccdailynews.com/news/articleView.html?idxno=2141498
582,2022.07.05.,"SRT, 대전조차장 탈선사고 보상",http://www.enewstoday.co.kr/news/articleView.html?idxno=1581202
584,2022.07.07.,"부산시, 심야시간대 ‘택시부제 해제’ 연말까지 시범 추진",http://www.newscj.com/article/20220707580925
585,2022.06.07.,귀가 대란에 심야버스 확대… 대전시 운행은 '미지수',http://www.chungnamilbo.co.kr/news/articleView.html?idxno=664105
586,2022.06.05.,일상회복 속도 못 따라가는 대중교통...심야 시간 ‘음주따릉이’ 빨간불,https://www.seoul.co.kr/news/newsView.php?id=20220605500086&wlog_tag3=naver
587,2022.06.06.,서울 지하철 심야운행 재개…2·5·6·7·8호선 새벽 1시까지,https://news.jtbc.joins.com/article/article.aspx?news_id=NB12061539
588,2022.06.19.,[데이터로 보는 경기] 업종 갈아탄 기사들... 밤마다 ‘택시대란’,https://www.kyeonggi.com/article/20220619580190
589,2022.07.01.,[기자수첩]1호조례 'TBS 지원 중단'…가장 시급한 문제였나,http://www.newsis.com/view/?id=NISX20220701_0001927242&cID=10801&pID=14000
590,2022.06.14.,필리핀 한국대사관 부근 심야 총격전…한인들 ‘범죄도시’ 공포,http://www.munhwa.com/news/view.html?no=2022061401039909018001
592,2022.07.05.,"SR, SRT 탈선사고 보상 접수 실시…""국민께 죄송""",https://www.asiatoday.co.kr/view.php?key=20220705010002703
596,2022.06.21.,"“심야 킥보드, 90%가 헬멧안써...인도주행 허용해야”...법따로 현실따로 교통법규 [박현갑의 뉴스아이]",https://www.seoul.co.kr/news/newsView.php?id=20220621500057&wlog_tag3=naver
597,2022.06.12.,심야식당 폭행 사건에 中 대륙 경악…사람들은 구경만 경찰은 늑장 출동,https://www.nocutnews.co.kr/news/5770502
598,2022.06.12.,[모빌리티칼럼]진퇴양난의 택시 승차대란 해법,http://www.etnews.com/20220610000088
599,2022.06.15.,코로나 여파로 경기 법인택시 기사 27%↓,http://news.lghellovision.net/news/newsView.do?soCode=SCK0000000&idx=337972
600,2022.07.05.,"대전조차장 SRT 탈선사고, 피해 보상 방법은?",http://www.joongdo.co.kr/web/view.php?key=20220705010000956
604,2022.06.15.,"[고성]고성 택시 요금 ‘3,300→3,800원'",http://www.kwnews.co.kr/nview.asp?aid=222061400037
605,2022.06.07.,AB6IX 동현 심야 스킨십→열애설 부인 “고향 친구 배웅” [공식입장],https://sports.donga.com/article/all/20220607/113829482/1
606,2022.06.14.,"고성군, 오는 27일부터 택시 운임·요율 인상",https://news.kbs.co.kr/news/view.do?ncd=5486169&ref=A
607,2022.06.06.,"택시는 안 오지, 걸려봤자 범칙금 3만원뿐… ‘음주 따릉이’ 유혹",https://www.seoul.co.kr/news/newsView.php?id=20220606001010&wlog_tag3=naver
608,2022.06.14.,"15일부터 택시 합승 가능...""5인승까지는 동성끼리만""",http://www.womennews.co.kr/news/articleView.html?idxno=224630
609,2022.06.14.,3년 만에 고성지역 택시 기본료 15.2 % 인상,https://mbcnewsgangwon.co.kr/article/OgoSsF7JxFVigwVq
613,2022.06.06.,"광주도 대란, 그 많던 택시는 어디로 갔을까?",http://www.gjdream.com/news/articleView.html?idxno=615028
614,2022.07.05.,"""SR 홈피·앱·SNS서 탈선 사고 보상 내용 확인하세요""",http://www.shinailbo.co.kr/news/articleView.html?idxno=1571141
615,2022.07.18.,"류긍선 ""카카오란 이유로 마녀사냥""…노조 ""잘못된 문제인식""",http://news.mt.co.kr/mtview.php?no=2022071817550637038
616,2022.06.14.,'실사판 범죄도시?'…필리핀 한국대사관 부근서 심야 총격전,https://news.imaeil.com/page/view/2022061408182113342
617,2022.06.05.,서대구역 개통 두달…시내버스 끊긴 야간시간 택시도 안 보인다,https://www.yeongnam.com/web/view.php?key=20220605010000442
618,2022.07.12.,"이범석 청주시장, 일 중심 성과 창출 조직으로 조직문화 바꾼다",http://www.segye.com/content/html/2022/07/12/20220712521168.html?OutUrl=naver
619,2022.07.06.,"""SRT 대전조차장 탈선사고 보상 신청하세요""",http://www.fnnews.com/news/202207061759011659
620,2022.07.05.,"""SRT 대전조차장 탈선사고 보상 이렇게 신청하세요""",http://www.chungnamilbo.co.kr/news/articleView.html?idxno=668280
623,2022.07.20.,“월 100만원 보너스” “우린 1000만원 바로 줄게” 난리난 ‘이곳’,http://news.heraldcorp.com/view.php?ud=20220720000786
624,2022.07.18.,"'국토부 업무보고'서 尹 ""임대차3법 각별히 챙기고, GTX 조기개통하라""",https://www.etoday.co.kr/news/view/2154838
625,2022.06.07.,"AB6IX 측 ""김동현 열애 사실 아냐...일행 택시 잡아준 것""",https://ent.sbs.co.kr/news/article.do?article_id=E10010251856&plink=ORI&cooper=NAVER
626,2022.06.07.,"""따따블"" 택시대란 없겠네…서울지하철 2·5·6·7·8호선, 새벽 1시까지",http://news.mt.co.kr/mtview.php?no=2022060619302925169
627,2022.07.08.,'모빌리티 세계' 집착왕들이 꼽은 올해 최대 핫이슈 [모빌런들],http://tbs.seoul.kr/news/newsView.do?typ_800=3&idx_800=3473433&seq_800=20466072
628,2022.06.30.,모빌리티 혁신 로드맵 8월 발표…'민간 주도-정부 지원' 구도,https://www.yna.co.kr/view/AKR20220630167200003?input=1195m
629,2022.06.27.,거리두기 해제에 '따릉이' 이용량 급증…3000대 추가 투입,https://www.asiatoday.co.kr/view.php?key=20220627010014594
632,2022.07.06.,SRT 탈선사고 보상 신청하세요,http://www.naeil.com/news_view/?id_art=428400
633,2022.07.05.,"""수서고속철도 SRT 대전조차장 탈선사고 보상 이렇게 신청하세요""",http://www.dailysmart.co.kr/news/articleView.html?idxno=61601
636,2022.06.26.,하반기 배달앱 다회용기 주문 확대…서울시 하반기 달라지는 것들,https://news.kmib.co.kr/article/view.asp?arcid=0017215642&code=61121111&cp=nv
637,2022.06.27.,"""아파트 담보 잡아 2년 버텼지만 50억 빚만 남았다"" [긱스]",https://www.hankyung.com/it/article/202206229604i
638,2022.07.21.,머니투데이 오프라인 헤드라인-21일,http://news.mt.co.kr/mtview.php?no=2022072021321783592
639,2022.07.06.,"전북도, 공직기강 해이 칼 빼든다",http://www.jeonmin.co.kr/news/articleView.html?idxno=359023
640,2022.07.17.,정인화 광양시장 “시민 안전과 불편 해소에 최우선”,https://news.kmib.co.kr/article/view.asp?arcid=0017284453&code=61121111&cp=nv
641,2022.07.04.,[돛 올린 김동연號] ② 도민 생활 바꾸는 정책,https://www.kyeonggi.com/article/20220704580224
642,2022.06.28.,[카드뉴스] 심야시간대 택시 잡기 포기? 40년 만에 풀린 택시 합승,http://www.sisunnews.co.kr/news/articleView.html?idxno=165796
643,2022.06.27.,서울형 키즈카페 확충·배달앱 다회용기 서비스 지역 확대,https://news.kmib.co.kr/article/view.asp?arcid=0924252081&code=11131400&cp=nv
644,2022.07.11.,고용시장 회복세에도…조선업·택시업 “일할 사람 없어요”(종합),http://www.edaily.co.kr/news/newspath.asp?newsid=02945446632393536
645,2022.07.15.,"정인화 광양시장 ""시민 안전과 불편 해소 최우선""",https://www.news1.kr/articles/?4743440
646,2022.07.05.,"SR, SRT 대전조차장 탈선사고 보상 신청 접수",https://www.asiatime.co.kr/article/20220705500082
647,2022.07.19.,"원희룡 국토부 장관, ""이준석, 정권교체 1등 공신…국민 원하는 것 해줘야""",http://www.econonews.co.kr/news/articleView.html?idxno=253449
648,2022.07.10.,하룻밤새 남아공 도시 2곳서 무차별 총격…최소 19명 사망(종합2보),https://www.yna.co.kr/view/AKR20220710042352111?input=1195m
649,2022.06.26.,80대 아버지 폭행 살해... 만취 범행 잇따라,https://busanmbc.co.kr/article/pzlUF3j9F530Jw5
650,2022.06.23.,"김동연 경기도지사 당선인 인수위, 정책공약 여론 조사 27일까지 진행",https://www.ajunews.com/view/20220622164916082
651,2022.06.30.,"[B tv 수원뉴스]경기도 공약사업 404건 확정...김동연 ""익숙한 것과 결별해야""",http://ch1.skbroadband.com/content/view?parent_no=24&content_no=61&p_no=143108
652,2022.07.10.,남아공 도시 2곳서 무차별 총격...최소 19명 사망,https://www.ytn.co.kr/_ln/0104_202207102304024050
653,2022.07.14.,`최저임금 1만원 시대`…무인화 속도내는 편의점,https://www.wowtv.co.kr/NewsCenter/News/Read?articleId=A202207140201&t=NNv
654,2022.07.17.,차보다 사람 먼저인 '보행자 우선도로'시행됐지만…길 막는다고 '빵빵' 여전,https://news.imaeil.com/page/view/2022071713545623969
655,2022.06.27.,"경기도 예비비 절반 소진, 김동연식 민생 도정에 빨간불",http://www.newspim.com/news/view/20220627000279
656,2022.07.11.,코로나19 회복으로 고용보험 가입자 감소,https://www.seoul.co.kr/news/newsView.php?id=20220711500104&wlog_tag3=naver
657,2022.07.19.,"[성공예감] 인건비 상승 시대, 편의점주가 살 길은? - 노승욱 매경이코노미 기자·김진우 제스트리테일 대표",https://news.kbs.co.kr/news/view.do?ncd=5513106&ref=A
658,2022.07.15.,"정인화 광양시장 ""시민 눈높이 행정, 시민 안전과 불편 해소 최우선"" 당부",http://www.fnnews.com/news/202207151233245118
659,2022.07.18.,윤석열표 대표 교통정책은?…GTX-A 조기 개통만 보이네,https://biz.newdaily.co.kr/site/data/html/2022/07/18/2022071800231.html
664,2022.07.18.,"국토부, 윤 대통령에게 “용산시대 열겠다” 업무보고",https://www.khan.co.kr/economy/economy-general/article/202207181711001
665,2022.07.17.,"전남 광양시, 시민 눈높이에서 바라보고 시민 안전과 불편 해소에 최우선",https://www.wikitree.co.kr/articles/772591
666,2022.07.12.,"피플카, 편도형 카셰어링 서비스 지난달 6천건 이용",http://www.newsis.com/view/?id=NISX20220712_0001939581&cID=13001&pID=13000
667,2022.07.10.,하룻밤새 남아공 도시 2곳서 무차별 총격…최소 19명 사망,https://news.kbs.co.kr/news/view.do?ncd=5505862&ref=A
668,2022.07.11.,[영상] 하룻밤 새 남아공 도시 2곳서 무차별 총격…최소 19명 사망,https://www.yna.co.kr/view/AKR20220711080000704?input=1195m
669,2022.06.15.,[김민지의 현장에서] 만약 ‘타다’가 지금 나왔다면,http://news.heraldcorp.com/view.php?ud=20220615000515
671,2022.07.15.,"광양시, 시민 눈높이에서 바라보고 시민 안전과 불편 해소에 최우선",http://www.m-i.kr/news/articleView.html?idxno=934785
672,2022.07.18.,"국토부, 좌초된 ‘용산 개발’ 재추진?",https://www.khan.co.kr/economy/economy-general/article/202207182202005
673,2022.07.12.,카셰어링도 ‘리턴프리’가 대세…편도형 서비스 30배 증가,http://sports.khan.co.kr/news/sk_index.html?art_id=202207121436003&sec_id=563002&pt=nv
674,2022.07.17.,"정인화 광양시장 민생 챙기기 시동...업무보고회 마쳐, 현장 소통 적극",http://www.kukinews.com/newsView/kuk202207170041
677,2022.06.21.,[성공예감] ㄷㄱ마켓에 오토바이 매물 쏟아지는 이유는? – 매경이코노미 나건웅 기자,https://news.kbs.co.kr/news/view.do?ncd=5491296&ref=A
678,2022.06.15.,"오늘부터 '남자·남자', '여자·여자'는 되지만…'남자·여자'는 안 됩니다",https://lawtalknews.co.kr/article/FZX7G0OX9XHK
679,2022.06.10.,(토마토칼럼)‘교통요금 동결’ 나비효과,http://www.newstomato.com/ReadNews.aspx?no=1127758&inflow=N
683,2022.07.15.,"정인화 광양시장 ""행정은 시민 눈높이에서 바라보는 것""",https://www.viva100.com/main/view.php?key=20220715010003856
685,2022.06.13.,"(제동걸린 시민의 발③)정부, 지하철 쥐어짜지만 말고 현실적 대안 내놔야",http://www.newstomato.com/ReadNews.aspx?no=1128027&inflow=N
686,2022.06.08.,“새벽 지하철 타니 코로나 진짜 끝난듯”,http://news.heraldcorp.com/view.php?ud=20220608000498
687,2022.06.22.,"김동연 민선8기 경기도지사 인수위, 정치적 판단 배제한 '공정한 도정 추진'..여론조사 실시",https://www.hankyung.com/society/article/202206228283h
688,2022.06.22.,"경기도지사직 인수위, 당선인 정책공약 여론 조사 실시",http://www.breaknews.com/903615
689,2022.06.22.,[이슈&인사이트] 모빌리티 산업 죽이는 차별적 규제,https://www.ekn.kr/web/view.php?key=20220615010002114
690,2022.06.22.,"경기도지사직 인수위, 김동연 당선인 정책공약 여론 조사 실시",http://www.lawissue.co.kr/view.php?ud=202206221524283741d94aa4ada6_12
693,2022.06.06.,새벽에 버스 끊기면 지하철 타세요,https://www.hani.co.kr/arti/area/capital/1045899.html
694,2022.06.15.,나이 많을수록 자전거 교통사고 치사율 높다,http://www.naeil.com/news_view/?id_art=426211
695,2022.06.14.,[경제 톡톡톡]7세 이하 ‘부모찬스’…3년간 571억 원어치 집 샀다,http://www.ichannela.com/news/main/news_detailPage.do?publishId=000000301445
696,2022.06.03.,[단독] 카카오T 벤티도 '최대 4배'로 요금 올린다,http://news.mt.co.kr/mtview.php?no=2022060315192799888
697,2022.06.13.,"[음주운전 경고등③]자전거·킥보드도 음주 불법...""몰랐어요"" 안 통해",http://www.newsis.com/view/?id=NISX20220610_0001903586&cID=10201&pID=10200
698,2022.06.17.,[단독] 후배시켜 '대리인증'에 '요금대납'…일진들의 신종 '킥보드 갈취',http://news.tvchosun.com/site/data/html_dir/2022/06/17/2022061790131.html
699,2022.06.03.,박명수 “택시량 부족…기사들 혜택 더 줘야 한다”(라디오쇼),https://www.newsen.com/news_view.php?uid=202206031054152110
700,2022.06.22.,"경기도지사직 인수위, 김동연 당선인 정책공약 여론 조사",http://www.newsis.com/view/?id=NISX20220622_0001916575&cID=10803&pID=14000
710,2022.06.22.,"김동연 공약 '우선순위' 조사한다...인수위 ""첫 시도...27일까지 온라인 설문""",https://www.gukjenews.com/news/articleView.html?idxno=2493240
719,2022.06.07.,서울 지하철 오늘부터 새벽 1시까지,https://www.seoul.co.kr/news/newsView.php?id=20220607011015&wlog_tag3=naver
729,2022.06.09.,[7NEWS] 항공권 가격이 고공행진하는 이유,https://www.chosun.com/economy/economy_general/2022/06/09/GYNWMZJQ4BHJ3CPGOAKFDB3IFE/?utm_source=naver&utm_medium=referral&utm_campaign=naver-news
730,2022.06.09.,"""인상폭 훨씬 커""…""제도 없으면 최저 생계비 수준""",https://news.sbs.co.kr/news/endPage.do?news_id=N1006780996&plink=ORI&cooper=NAVER
731,2022.06.06.,[민선8기_김동연號 과제와 전망] ① 변화와 개혁,https://www.kyeonggi.com/article/20220606580158
732,2022.07.14.,[Invest]카카오모빌리티 몸값은 떨어질 수밖에 없다,http://www.investchosun.com/site/data/html_dir/2022/07/13/2022071380223.html
733,2022.07.07.,근교산&그너머 <1287> 영덕 블루로드 D코스,http://www.kookje.co.kr/news2011/asp/newsbody.asp?code=2200&key=20220707.22012001646
734,2022.06.03.,"현직 경찰관, 만취상태로 전동 킥보드 몰다 승용차 들이받아",https://www.donga.com/news/article/all/20220603/113778912/2
735,2022.07.08.,"“고삐 풀린 배달비, 부메랑으로”…배달앱 거품 빠진다",https://misaeng.chosun.com/site/data/html_dir/2022/07/05/2022070501505.html?utm_source=naver&utm_medium=referral&utm_campaign=misaeng
736,2022.07.13.,[스타트업 소식] 당근마켓·다방·요기요·청소연구소 外,http://www.dailypop.kr/news/articleView.html?idxno=61303
737,2022.07.04.,"광주경찰, 6월 음주운전 특별단속으로 57건 단속",http://news.tf.co.kr/read/national/1949355.htm
738,2022.07.12.,"피플카, '편도형 카셰어링 서비스' 이용량 상승…""추가요금이 없어""",http://www.thebigdata.co.kr/view.php?ud=2022071213483152662d2db879fd_23
739,2022.07.15.,"광양시, 시민 안전과 불편 해소에 최우선",http://www.metroseoul.co.kr/article/20220715500151
740,2022.06.30.,'기회 넘치는 경기도' 민선 8기 김동연호 404개 세부공약 확정,http://www.joongboo.com/news/articleView.html?idxno=363548396
741,2022.07.12.,"피플카, 편도형 카셰어링 서비스 이용량 30배 증가",http://www.epnc.co.kr/news/articleView.html?idxno=225450
742,2022.07.07.,[2022 매일 시니어문학상 수상작] 논픽션 부문 '아유보완' -강환섭,https://news.imaeil.com/page/view/2022070412002110197
743,2022.07.04.,미리 보는 오늘,https://imnews.imbc.com/replay/2022/nwtoday/article/6384584_35752.html
744,2022.07.04.,"광주경찰, 6월 한달간 음주운전 57건 적발",https://www.ekn.kr/web/view.php?key=20220704010000424
745,2022.06.23.,근교산&그너머 <1285> 함양 대봉산 북릉,http://www.kookje.co.kr/news2011/asp/newsbody.asp?code=2200&key=20220623.22012006258
746,2022.07.01.,광주 6월 한 달간 음주운전 430건 적발…숙취운전 57건,http://www.newspim.com/news/view/20220701000893
747,2022.07.04.,전국 무대 금은방 절도 피의자 검거,http://www.domin.co.kr/news/articleView.html?idxno=1387759
748,2022.06.26.,"""ESS 통한 충전은 불법""…낡은 규제에 전기차 인프라 '방전 위기'",https://www.hankyung.com/economy/article/2022062674301
749,2022.06.29.,"""6% 물가상승률? IMF때 숫자…악몽이 다가온다"" [한판승부]",https://www.nocutnews.co.kr/news/5778671
750,2022.07.04.,"천안시, 대중교통 개혁을 통해 교통 천국 만들 것",http://www.joongdo.co.kr/web/view.php?key=20220704010000171
751,2022.07.04.,"광주경찰, 6월 음주운전 특별단속(숙취운전)으로 57건 단속",http://www.m-i.kr/news/articleView.html?idxno=931490
752,2022.07.01.,달밤 헤엄치고… 해먹 낮잠자고… 이것 때문에 배낭을 쌌다,https://www.hani.co.kr/arti/specialsection/esc_section/1049266.html
753,2022.06.30.,모빌리티 사업 가속페달 밟는 이통3사,https://www.dnews.co.kr/uhtml/view.jsp?idxno=202206301133262360477
754,2022.07.03.,"[경기도 민선 8기 청사진-①교통] GTX-E·F 신설, 직선-순환 이견…정부 협의가 '키'",http://www.incheonilbo.com/news/articleView.html?idxno=1151211
755,2022.07.08.,[영화와 영화가 만나] 산골짜기에서 영화 보기 2 - 2022 무주산골영화제,https://www.artinsight.co.kr/news/view.php?no=60634
756,2022.07.08.,"김용철 부산대 교수 ""카카오모밀리티 매각 논란, 문재인 정부의 강력한 플랫폼 기업 규제 결과"" | 공정위 규제 등 소비자 주권과 편익이 크게 실현 되었는지 냉철히 재고해야",http://monthly.chosun.com/client/mdaily/daily_view.asp?idx=15681&Newsnumb=20220715681
757,2022.07.15.,"정인화 광양시장, ""시민 눈높이에서 바라보고 시민 안전과 불편 해소에 최우선"" 강조",http://www.newsworker.co.kr/news/articleView.html?idxno=165511
758,2022.06.21.,[데일리픽] 구글 인앱 vs 웹 결제 가격 다른 까닭...보안업계 M&A 확산 예고,http://www.digitaltoday.co.kr/news/articleView.html?idxno=450238
759,2022.06.22.,"오세훈표 자율주행 비전, 청와대서 뽐낸다",http://news.mt.co.kr/mtview.php?no=2022062114140142997
760,2022.06.19.,[기획] 김동연표 경기도 발전 ‘청사진’…최우선 공약은 ‘민생경제 회복’,https://www.kgnews.co.kr/news/article.html?no=706251
761,2022.06.20.,"필리핀, 한국인 대상 범죄 기승",https://www.ytn.co.kr/replay/view.php?idx=50&key=202206202145144474
762,2022.06.21.,"""느려 답답"" 경북 도로 5곳 제한속도 상향 조정",http://www.kyongbuk.co.kr/news/articleView.html?idxno=2105212
763,2022.06.16.,[VIEW POINT] 누구도 행복하지 않은 한국 모빌리티 시장,http://news.mk.co.kr/newsRead.php?no=525613&year=2022
764,2022.06.15.,[카드뉴스] 강원 고성군 주요뉴스 (6월 15일),http://www.weeklytoday.com/news/articleView.html?idxno=496108
765,2022.06.14.,"범죄도시 뺨치네…경찰 검문에 총 쐈다, 필리핀 총격전 전말",https://www.joongang.co.kr/article/25078990
766,2022.06.13.,고용시장도 '일상 회복'…제조·숙박음식 일자리 훈풍,http://www.newspim.com/news/view/20220613000107
767,2022.06.16.,"기득권·포지티브·소극행정 '규제의 덫'…美보다 센 완화책 필요[테크전쟁, 선진국의 탄생]",https://view.asiae.co.kr/article/2022061514431180138
768,2022.06.14.,비틀비틀… 음주 자전거·킥보드 운전 늘었다,https://www.cctoday.co.kr/news/articleView.html?idxno=2163621
769,2022.06.14.,대통령에게 질문만 500개...세계 최고 ‘우드워드 기자’의 진짜 비결? [송의달 LIVE],https://www.chosun.com/international/us/2022/06/14/US4GTNNLMRGGXEJRFVBOUWP4RM/?utm_source=naver&utm_medium=referral&utm_campaign=naver-news
771,2022.06.08.,[민선8기_김동연號 과제와 전망] ③ 경기도형 복지,https://www.kyeonggi.com/article/20220608580206
772,2022.06.07.,8월부터 서울지하철 전 노선 새벽1시 연장운행,https://www.donga.com/news/article/all/20220607/113813002/1
773,2022.06.12.,[단독] 인도네시아 선원 7명은 왜 무단이탈했나,http://www.segye.com/content/html/2022/06/12/20220612505493.html?OutUrl=naver
774,2022.06.08.,'보복 회식 늘더니'…카카오T 사용자 역대 최다 찍었다,https://www.sedaily.com/NewsView/2675Z8UBOT
775,2022.06.07.,"[사설] 대구시, 서대구역 접근성 강화 방안 마련하라",https://www.yeongnam.com/web/view.php?key=20220606010000613
776,2022.06.15.,우버보다 2년 빠른 '콜버스' 접게한 이 규제…6년째 못 뽑았다 [규제 STOP],https://www.joongang.co.kr/article/25079220
777,2022.06.03.,"광주경찰, 음주운전 단속활동 강화 방침",http://www.m-i.kr/news/articleView.html?idxno=924216
778,2022.06.13.,성추행 뿌리친 여성 무차별 집단 폭행…중국 '발칵',http://www.yonhapnewstv.co.kr/MYH20220613019200641/?input=1825m
779,2022.06.07.,"AB6IX 김동현 측, 열애설 일축 ""고향 친구들 만난 것"" [공식입장]",https://www.xportsnews.com/article/1586418
780,2022.06.07.,"김동현 해명, 한밤중 데이트? ""아니다""",http://www.cbci.co.kr/news/articleView.html?idxno=428463
781,2022.06.06.,"민선8기 경기지사 인수위 구성 ‘속도’…앞으로 4년, 경기도정 이끌 방향은",https://www.kgnews.co.kr/news/article.html?no=704730
782,2022.06.06.,"‘실사구시’ 김동연의 경기도정, 어떻게 달라지나… 기대와 의문 교차",http://www.segye.com/content/html/2022/06/06/20220606511891.html?OutUrl=naver
783,2022.06.09.,"편리한 개인형 이동수단, 전동킥보드 등 '두 바퀴 이동수단' 야간 특별 단속 [지식용어]",http://www.sisunnews.co.kr/news/articleView.html?idxno=164817
784,2022.06.08.,"에이비식스 김동현 측, 열애설 해명 ""고향 친구 에스코트한 것""",https://www.nocutnews.co.kr/news/5768563
785,2022.06.07.,"""고향친구인데 백허그?vs김동현 아냐"" AB6IX, 글로벌 팬미팅 투어 앞두고 '열애설' 난감 [Oh!쎈 종합]",http://www.osen.co.kr/article/G1111865797
786,2022.06.06.,"공주경찰서, 오토바이·킥보드 등 특별단속에 들어가",http://www.daejonilbo.com/news/articleView.html?idxno=2007857
787,2022.06.04.,최근 2년 대한민국에서 범죄 저지른 주한미군 중 실형을 받은 사람은 한 명도 없었다,https://lawtalknews.co.kr/article/YUO9R8SQQ0TX
788,2022.06.04.,사진으로 본 일주일 [뉴시스Pic],http://www.newsis.com/view/?id=NISX20220603_0001896544&cID=10201&pID=10200
789,2022.07.02.,"광주시경찰청, '6월 음주운전 특별단속' 실시",http://www.newsworker.co.kr/news/articleView.html?idxno=163824
790,2022.06.07.,여성 안고 있는 사진 퍼지자 '여사친'이라며 열애설 부인한 아이돌,https://www.insight.co.kr/news/398592
795,2022.07.05.,"SR ""SRT 대전조차장 탈선사고 보상 이렇게 신청하세요""",http://www.smartfn.co.kr/view.php?ud=202207052334379621247648fe0a_46
796,2022.07.03.,한 주간의 이슈 검색어 Top10 [시선뉴스 키워드],http://www.sisunnews.co.kr/news/articleView.html?idxno=166211
797,2022.07.19.,"[SR건설부동산] 원희룡 ""새정부 주택 정책 구체화…공급 로드맵 발표""",http://www.srtimes.kr/news/articleView.html?idxno=117352
798,2022.07.18.,"국토부 ""GTX역세권·3기 신도시에 집중 주택공급""",https://www.onews.tv/news/articleView.html?idxno=132311
799,2022.07.18.,"국토부, 尹 대통령에 '주택공급·출퇴근 교통 정책' 등 업무보고",http://www.ikld.kr/news/articleView.html?idxno=257757
801,2022.07.18.,국토부 업무보고… ‘민생안정·신성장·공공혁신’에 집중,http://www.newscj.com/article/20220718580660
802,2022.07.18.,[국토부 업무보고] '250만가구 공급' 속도…디딤돌 대출 고정금리 대환 시행,https://realty.chosun.com/site/data/html_dir/2022/07/18/2022071801740.html
803,2022.07.05.,SRT 대전조차장 탈선사고 보상 신청 접수,https://www.onews.tv/news/articleView.html?idxno=130708
2098,2022.06.14.,[SR산업] 택시합승제 40년 만에 부활…동성끼리 탑승 제한,http://www.srtimes.kr/news/articleView.html?idxno=115296
2099,2022.06.14.,"5인승 이하 플랫폼 택시, 승객 모두 원하면 동성간 합승 가능",https://www.dnews.co.kr/uhtml/view.jsp?idxno=202206141310262690391
2110,2022.06.14.,"플랫폼 택시 합승 개정안, 15일 시행...동의 하에 남녀 합승 가능",https://www.jeonmae.co.kr/news/articleView.html?idxno=895650
5405,2022.06.14.,플랫폼 택시도 15일부터 안전하게 합승 가능,https://www.ajunews.com/view/20220614091944259
7043,2022.06.14.,택시 합승 40년만에 '부활'…택시사업발전법 시행규칙 시행,http://www.newscape.co.kr/news/articleView.html?idxno=84763
8690,2022.06.14.,플랫폼택시 합승... 6인승 이상만 성별제한없이 합승,http://www.etnews.com/20220614000104
